X,Y,Z,R,G,B
500013.38,4400092.83,104.49,45,36,169
500012.86,4400059.16,122.98,113,123,201
500079.71,4400072.08,140.98,175,229,42
500049.93,4400023.53,134.55,194,138,9
500059.00,4400059.20,142.83,18,92,163
500060.15,4400080.22,102.73,41,139,255
500071.22,4400088.67,124.86,36,36,247
500002.87,4400086.73,101.70,62,223,91
500048.55,4400096.73,109.57,193,15,161
500014.79,4400012.88,142.29,222,86,162
500040.15,4400077.87,103.66,55,40,0
500092.82,4400046.71,129.39,127,133,20
500054.78,4400068.57,101.01,58,156,93
500007.04,4400027.71,115.44,59,1,9
500054.27,4400001.46,146.64,163,29,216
500012.98,4400008.31,115.87,142,64,163
500075.44,4400097.27,115.45,41,83,127
500094.83,4400089.59,104.46,164,35,90
500097.94,4400030.34,138.73,23,33,57
500062.19,4400042.99,108.63,80,232,101
500086.83,4400024.09,124.94,27,233,145
500036.90,4400014.77,101.23,29,21,22
500014.57,4400085.75,101.10,233,143,174
500051.14,4400067.34,141.96,246,102,232
500044.37,4400007.67,100.39,103,179,211
500066.28,4400020.22,123.31,17,187,206
500099.45,4400056.37,121.36,248,174,124
500027.53,4400090.14,106.36,36,196,119
500085.57,4400099.60,132.25,206,12,88
500013.80,4400021.71,136.96,205,156,183
500034.77,4400061.15,149.25,151,205,212
500078.80,4400003.31,109.78,194,169,68
500024.76,4400017.46,146.16,19,202,89
500067.04,4400020.08,103.10,63,0,35
500045.90,4400044.20,107.06,9,99,75
500051.24,4400034.57,129.92,127,146,73
500094.13,4400072.70,143.36,136,155,172
500081.67,4400046.89,144.79,154,8,61
500083.92,4400033.90,137.00,203,159,75
500054.91,4400090.61,101.35,91,237,188
500098.23,4400062.54,120.86,95,74,33
500098.09,4400069.74,140.26,204,161,106
500013.51,4400074.59,126.40,177,141,136
500020.45,4400033.93,109.51,172,195,132
500030.84,4400089.13,134.04,105,65,77
500055.37,4400001.69,104.64,250,47,24
500082.39,4400030.68,134.87,157,83,24
500048.36,4400015.98,100.90,140,191,7
500098.38,4400000.40,118.02,124,39,147
500035.33,4400099.64,114.65,204,205,200
